Chainage_Dist,h1_cm,h2_cm,h3_cm,D0_target,SCI300_target,SCI_sub_target
1310,9.6229907173913,19.1621610375494,102.936914130435,-525.495,181.055,65.115
1450,10.9636007368421,19.4355957368421,107.149718947368,-401.745,149.58,44.045
3410,16.5015485483871,30.5569747508961,103.04355806451599,-443.59,147.34,62.27
6030,20.6409961165206,31.686918628692002,82.6484664272963,-615.065,161.48,106.58
7900,20.754202780027,36.359324337044505,77.405736324224,-500.84,160.595,76.52
10920,15.958365757575798,35.604827171717204,75.3735527272727,-460.695,171.695,52.095
13360,15.775743373494,28.542000783132497,74.61217277108429,-330.625,102.32,37.485
15120,11.852223076923101,27.1402778571429,116.491843956044,-340.875,87.94,50.135
19210,15.293652278480998,31.190211645569597,99.2356772151899,-548.77,175.34,74.185
21100,13.8150580192034,31.6318821850877,97.8645981561403,-466.625,169.45,51.13
2480,16.9907348876404,27.4083653846154,93.53347966292131,-648.075,253.41,68.195
9630,15.2203754268293,26.9896820121951,67.17632359756101,-504.23,176.66,64.57
12470,12.228980698924701,23.9436393548387,47.7422247849462,-389.015,148.825,40.36
5690,11.7920821965286,51.584432269316906,83.5936681578947,-480.265,180.145,39.365
7740,15.4972322189107,25.481345202197296,47.9679972060542,-537.48,198.235,54.435
8610,14.880252580314398,25.702952869472302,69.0418543350321,-420.075,150.49,45.5
9070,13.633487104848,32.263590478341904,74.1393717319277,-396.255,141.69,41.79
11340,15.901196964851499,36.296171873267305,70.6878899608911,-509.615,169.17,70.36
17420,13.6315568418538,27.0304592104634,83.66838144708551,-495.335,153.89,69.11
6980,8.474393364611819,20.7059831632653,74.6624523890175,-627.2,232.375,79.83
12240,13.3139024359383,27.344724431045098,82.4066110508143,-669.815,255.555,82.39
15650,9.3731985,23.0598187,69.64879625,-754.62,283.635,85.325
21310,13.541491646774201,50.057925749999995,89.7946405,-630.605,257.825,58.17
24080,13.988682246087,37.0847603444444,88.2629110166667,-681.945,270.63,80.075
25210,13.4246118795256,42.346012746031704,87.1116244812734,-2348.045,654.34,429.705
25270,16.441731079545498,48.5274998863636,85.79970392045459,-1618.73,414.77,307.165
25890,14.5632615396934,30.3663348215511,86.6375396499657,-855.55,240.075,156.615
27300,19.301534375156102,36.2142790237204,74.66918021223469,-620.285,251.395,63.265
27540,13.1748256818182,38.36927625,78.5106122159091,-727.235,282.09,88.515
27580,15.527169827586201,38.4161247701149,87.1530716091954,-486.15,211.2,46.0
27740,14.2567632397884,33.765658390390804,83.4983741007934,-997.855,428.685,102.89
28340,12.1227252322624,23.0905141565657,73.375697239899,-617.705,224.3,87.225
29720,14.0405104045558,30.6155125757576,66.00150262626259,-1118.625,273.61,220.64
30220,10.6111838611111,33.1406068333333,79.1589012777778,-523.295,222.375,56.775
32170,9.61386941079159,23.4473840920562,80.1381552313956,-400.92,194.71,36.07
33270,12.2987340013775,25.9843238327498,73.2549260767376,-483.055,182.175,59.85
6480,14.0516128787879,36.8942458080808,89.62806510101011,-253.9,36.305,50.81
7000,12.7599519387755,29.4811487244898,98.2788857653061,-355.705,34.845,77.285
10130,8.83497134482759,22.2870535632184,51.5350512643678,-435.23,70.92,83.87
12580,11.850397577957,35.4068253237494,57.3070164247312,-361.725,46.62,76.54
570,10.26909080323,31.209554241545902,87.9027264021739,-619.305,277.525,54.15
1510,9.71167729381443,23.133907276372,63.695928410913204,-553.06,238.545,47.995
3040,10.5890757113402,24.0925537113402,63.024636907216504,-688.765,313.16,43.925
10120,9.651690856069251,37.348502181316604,87.2156974324581,-479.01,223.475,38.22
12890,10.210594839999999,28.66788415,82.90831465000001,-488.605,205.175,37.915
17080,10.703468091836701,26.016439438775503,74.8619505612245,-387.055,194.355,35.17
21920,9.81534627156382,23.7219355604254,71.34050842157549,-588.06,304.165,35.955
3870,12.5045544573643,26.8521535891473,71.8350108811369,-494.815,202.405,51.89
26380,18.7495945608937,32.9976702311765,70.7163306386414,-298.02,104.915,26.785
32610,16.5759666766021,35.5292437619757,72.27816050351291,-492.155,192.83,54.28
