row_index,h1_cm,h2_cm,h3_cm,bells_temp,d0_target,sci300_target,E1_MPa,E2_MPa,E3_MPa,E4_MPa,d0_calc,sci300_calc,error_pct,status
0,9.62,19.16,102.94,28.07,525.50,181.06,1840,270,165,16,527.10,180.60,0.31,CONVERGED
1,10.96,19.44,107.15,27.77,401.745,149.58,2330,250,130,37,400.90,149.50,0.21,CONVERGED
2,16.50,30.56,103.04,26.69,443.59,147.34,1200,250,130,20,445.40,147.40,0.41,CONVERGED
3,20.64,31.69,82.65,20.46,615.065,161.48,900,250,130,10,606.50,160.80,1.39,CONVERGED
4,20.75,36.36,77.41,20.69,500.84,160.595,880,250,130,16.5,497.90,160.60,0.59,CONVERGED
5,15.96,35.60,75.37,20.94,460.695,171.695,970,250,130,25.5,458.20,172.10,0.54,CONVERGED
6,15.78,28.54,74.61,21.14,330.625,102.320,2200,250,130,42,327.90,102.80,0.82,CONVERGED
7,11.8522,27.1403,116.4918,21.06,340.875,87.940,3800,350,180,20,336.6,88.9,1.25,CONVERGED
8,15.2937,31.1902,99.2357,21.4591,548.770,175.340,1400,130,100,20,540.3,172.5,1.54,CONVERGED
9,13.8151,31.6319,97.8646,21.1904,466.625,169.450,870,400,128,20,467.2,171.2,0.12,CONVERGED
10,16.9907,27.4084,93.5335,25.239,648.075,253.410,700,120,85,22,655.6,258.4,1.16,CONVERGED
11,15.2204,26.9897,67.1763,25.522939,504.230,176.660,1300,150,110,30,502.9,175.5,0.26,CONVERGED
12,12.2290,23.9436,47.7422,25.8679,389.015,148.825,1000,575,150,45,381.6,149.7,1.91,CONVERGED
13,11.792,51.584,83.594,21.36,480.265,180.145,900,375,80,20,483.4,179.4,0.65,CONVERGED
14,15.4972,25.4813,47.9680,20.9653,537.480,198.235,950,180,180,25,543.2,197.2,1.06,CONVERGED
15,14.8803,25.7030,69.0419,20.8871,420.075,150.490,1600,170,150,35,419.0,148.2,0.26,CONVERGED
16,13.6335,32.2636,74.1394,21.143221,396.255,141.690,2000,170,140,40,390.9,140.8,1.35,CONVERGED
17,15.9012,36.2962,70.6879,20.7181,509.615,169.170,1250,165,120,21,514.6,166.0,0.98,CONVERGED
18,13.6316,27.0305,83.6684,21.084566,495.335,153.890,1100,400,105,20,495.7,155.2,0.07,CONVERGED
19,8.474393,20.705983,74.662452,21.540735,627.200,232.375,1200,280,140,20,614.9,236.5,1.96,CONVERGED
20,13.313902,27.344724,82.406611,20.608213,669.815,255.555,750,190,95,19,665.2,256.4,0.69,CONVERGED
21,9.3732,23.0598,69.6488,21.3813,754.620,283.635,1500,140,90,20,753.8,285.5,0.11,CONVERGED
22,13.5415,50.0579,89.7946,20.183184,630.605,257.825,1000,100,240,15,633.5,258.5,0.46,CONVERGED
23,13.9887,37.0848,88.2629,20.7529,681.945,270.630,740,140,80,20,682.7,275.2,0.11,CONVERGED
24,13.4246,42.3460,87.1116,21.1717,2348.045,654.340,500,30,20,4.2,2359.4,656.5,0.48,CONVERGED
25,16.4417,48.5275,85.7997,21.056161,1618.730,414.770,700,30,11,10,1643.3,406.6,1.52,CONVERGED
26,14.5633,30.3663,86.6375,21.178191,855.550,240.075,500,450,80,8,838.9,239.7,1.95,CONVERGED
27,19.3015,36.2143,74.6692,20.6201,620.285,251.395,600,150,120,20,608.2,247.1,1.95,CONVERGED
28,13.1748,38.3693,78.5106,20.644303,727.235,282.090,600,200,100,14,724.4,281.0,0.39,CONVERGED
29,15.5272,38.4161,87.1531,20.50645,486.150,211.200,845,155,400,20,478.8,214.6,1.61,CONVERGED
30,14.257,33.766,83.498,20.50645,997.855,428.685,247,325,22,20,984.4,432.7,1.35,CONVERGED
31,12.1227,23.0905,73.3757,20.91,617.710,224.300,600,500,65,25,616.00,223.40,0.90,CONVERGED
32,14.04,30.62,66.00,21.58,1118.63,273.61,450,430,18,9.3,1104.40,275.30,0.94,CONVERGED
33,10.61,33.14,79.16,20.70,523.29,222.38,630,400,90,30,518.50,224.70,0.98,CONVERGED
34,9.61,23.45,80.14,21.95,400.92,194.71,1200,350,100,80,401.70,196.20,0.48,CONVERGED
35,12.30,25.98,73.25,21.13,483.06,182.18,1030,350,100,30,485.10,180.30,0.73,CONVERGED
36,14.05,36.89,89.63,25.53,253.90,36.31,5500,1500,72,23,255.30,35.90,0.84,CONVERGED
37,12.76,29.48,98.28,27.65,355.7,34.84,7100.0,1700.0,65.0,14.0,354.1,34.9,0.3,CONVERGED
38,8.83,22.29,51.54,26.93,435.23,70.92,7500.0,830.0,100.0,21.0,431.3,70.7,0.61,CONVERGED
39,11.85,35.41,57.31,27.1,361.72,46.62,7300.0,800.0,90.0,17.0,364.4,46.9,0.67,CONVERGED
40,10.27,31.21,87.9,26.34,619.3,277.52,1100.0,155.0,115.0,24.0,623.9,275.5,0.74,CONVERGED
41,9.71,23.13,63.7,27.44,553.06,238.54,2000.0,120.0,140.0,39.0,548.4,239.6,0.64,CONVERGED
42,10.59,24.09,63.02,28.1,688.76,313.16,1200.0,100.0,100.0,34.0,692.5,312.8,0.33,CONVERGED
43,9.65,37.35,87.22,28.76,479.01,223.48,1800.0,165.0,120.0,42.0,481.9,222.6,0.5,CONVERGED
44,10.21,28.67,82.91,24.98,488.6,205.18,2400.0,120.0,110.0,50.0,486.1,206.6,0.6,CONVERGED
45,10.7,26.02,74.86,28.37,387.06,194.36,2000.0,150.0,140.0,100.0,387.0,194.1,0.07,CONVERGED
46,9.82,23.72,71.34,28.8,588.06,304.17,1400.0,110.0,100.0,60.0,592.2,301.9,0.72,CONVERGED
47,12.5,26.85,71.84,21.13,494.82,202.4,1600.0,125.0,100.0,48.0,492.7,201.6,0.41,CONVERGED
48,18.75,33.0,70.72,20.81,298.02,104.92,2100.0,110.0,110.0,90.0,299.6,104.9,0.27,CONVERGED
49,16.58,35.53,72.28,21.14,492.16,192.83,1200.0,90.0,80.0,55.0,491.1,193.8,0.36,CONVERGED
