original_row_index,Nyckel,h1_cm,h2_cm,h3_cm,bells_temp,d0_target,sci300_target,E1_MPa,E2_MPa,E3_MPa,E4_MPa,d0_calc,sci300_calc,error_pct,status
0,5V4D76180,8.19,11.24,99.13,29.28,418.99,187.93,1742.56,273.88,110.06,33.21,415.5,189.3,0.78,CONVERGED
1,5V4D76200,8.13,13.44,100.3,29.59,446.26,178.81,1737,276,115,30,446.9,178.9,0.1,CONVERGED
2,5V4D76460,7.74,21.38,112.58,28.25,346.75,139.89,4000.0,370.0,143.0,48.0,345.5,140.1,0.26,CONVERGED
3,5V4D76500,8.54,18.99,112.08,26.05,365.76,115.06,4800.0,410.0,140.0,30.0,365.9,115.6,0.26,CONVERGED
4,5V4D76520,8.46,19.8,111.93,28.02,423.86,135.84,4200.0,330.0,130.0,25.0,421.8,136.0,0.3,CONVERGED
5,5V4D76540,7.81,18.94,111.82,28.48,422.18,159.76,3500.0,322.0,135.0,32.0,420.4,160.8,0.54,CONVERGED
6,5V4D76580,8.25,18.15,110.84,28.54,465.42,147.96,3800.0,340.0,120.0,22.0,468.1,148.3,0.4,CONVERGED
7,5V4D76600,8.18,17.15,104.28,28.46,375.12,138.16,4000.0,360.0,150.0,38.0,372.8,138.6,0.47,CONVERGED
8,5V4D76620,7.78,18.25,102.55,28.54,405.48,138.46,4300.0,390.0,134.0,30.0,407.8,138.5,0.3,CONVERGED
9,5V4D76640,7.61,16.89,103.83,28.63,402.83,154.89,3800.0,360.0,140.0,37.0,402.0,154.7,0.16,CONVERGED
48,5V4D77460,9.62,19.16,102.94,28.07,525.50,181.06,1840,270,165,16,527.10,180.60,0.31,CONVERGED
49,5V4D77480,9.62,18.37,102.47,28.04,527.04,186.83,1900.0,250.0,140.0,20.0,523.5,188.2,0.7,CONVERGED
50,5V4D77500,10.31,17.84,103.47,27.86,515.04,180.74,1900.0,240.0,135.0,20.0,519.1,180.3,0.52,CONVERGED
55,5V4D77600,10.96,19.44,107.15,27.77,401.745,149.58,2330,250,130,37,400.90,149.50,0.21,CONVERGED
56,5V4D77620,10.83,20.89,108.02,27.73,343.83,121.69,3000.0,300.0,142.0,40.0,346.5,122.4,0.68,CONVERGED
57,5V4D77640,11.06,22.9,108.03,27.68,322.37,113.11,3200.0,305.0,145.0,44.0,322.3,113.5,0.18,CONVERGED
58,5V4D77660,11.25,22.86,108.02,27.68,348.88,116.9,3000.0,300.0,140.0,35.0,349.8,116.6,0.26,CONVERGED
153,5V4D79560,16.50,30.56,103.04,26.69,443.59,147.34,1200,250,130,20,445.40,147.40,0.41,CONVERGED
154,5V4D79580,15.34,24.14,103.53,26.84,402.85,141.68,1400.0,250.0,140.0,28.0,401.7,141.6,0.17,CONVERGED
155,5V4D79600,13.48,24.84,103.92,27.1,395.9,148.39,1500.0,258.0,142.0,32.0,395.5,149.2,0.32,CONVERGED
358,5V32D960,20.64,31.69,82.65,20.46,615.065,161.48,900,250,130,10,606.50,160.80,1.39,CONVERGED
359,5V32D980,22.32,33.46,58.41,20.37,661.04,189.28,850.0,100.0,80.0,17.0,655.8,190.1,0.61,CONVERGED
360,5V32D1000,23.65,36.75,55.09,20.26,562.62,188.71,830.0,90.0,80.0,26.0,564.7,187.8,0.43,CONVERGED
451,5V32D2820,20.75,36.36,77.41,20.69,500.84,160.595,880,250,130,16.5,497.90,160.60,0.59,CONVERGED
452,5V32D2840,20.17,38.83,76.28,20.69,468.64,165.56,900.0,210.0,126.0,22.0,465.5,165.1,0.47,CONVERGED
453,5V32D2860,18.99,36.87,71.96,20.65,458.86,164.37,1000.0,182.0,127.0,25.0,462.9,163.6,0.67,CONVERGED
602,5V32D5840,15.96,35.60,75.37,20.94,460.695,171.695,970,250,130,25.5,458.20,172.10,0.54,CONVERGED
603,5V32D5860,14.75,32.5,75.79,20.88,486.83,144.34,1350.0,290.0,95.0,21.0,483.4,144.0,0.47,CONVERGED
604,5V32D5880,10.04,32.54,75.85,21.23,407.26,127.6,2800.0,330.0,120.0,28.0,404.3,128.2,0.6,CONVERGED
712,5V32D8260,15.78,28.54,74.61,21.14,330.625,102.320,2200,250,130,42,327.90,102.80,0.82,CONVERGED
713,5V32D8280,15.01,25.83,72.73,21.24,295.21,95.12,2600.0,265.0,140.0,55.0,292.9,95.5,0.59,CONVERGED
714,5V32D8300,14.39,27.27,69.88,21.24,320.03,97.6,2700.0,270.0,118.0,48.0,319.5,98.2,0.39,CONVERGED
800,5V32D10020,11.8522,27.1403,116.4918,21.06,340.875,87.940,3800,350,180,20,336.6,88.9,1.25,CONVERGED
801,5V32D10040,11.72,23.04,118.2,21.06,308.97,79.72,4600.0,380.0,175.0,25.0,306.6,79.8,0.43,CONVERGED
802,5V32D10060,11.36,25.0,120.22,21.06,256.8,79.28,4800.0,385.0,180.0,41.0,257.3,79.1,0.21,CONVERGED
1004,5V32D14100,15.2937,31.1902,99.2357,21.4591,548.770,175.340,1400,130,100,20,540.3,172.5,1.54,CONVERGED
1005,5V32D14120,16.16,30.36,101.38,21.31,491.54,165.7,1400.0,124.0,95.0,27.0,492.5,164.9,0.34,CONVERGED
1006,5V32D14140,14.56,30.09,105.12,21.41,533.27,181.86,1420.0,125.0,95.0,24.0,532.1,182.7,0.34,CONVERGED
1098,5V32D15980,13.8151,31.6319,97.8646,21.1904,466.625,169.450,870,400,128,20,467.2,171.2,0.12,CONVERGED
1583,5V50D2660,16.9907,27.4084,93.5335,25.239,648.075,253.410,700,120,85,22,655.6,258.4,1.16,CONVERGED
1838,5V50D9780,15.2204,26.9897,67.1763,25.522939,504.230,176.660,1300,150,110,30,502.9,175.5,0.26,CONVERGED
1875,5V50D12620,12.2290,23.9436,47.7422,25.8679,389.015,148.825,1000,575,150,45,381.6,149.7,1.91,CONVERGED
2302,5V131D5660,11.792,51.584,83.594,21.36,480.265,180.145,900,375,80,20,483.4,179.4,0.65,CONVERGED
2404,5V131D7700,15.4972,25.4813,47.9680,20.9653,537.480,198.235,950,180,180,25,543.2,197.2,1.06,CONVERGED
2447,5V131D8560,14.8803,25.7030,69.0419,20.8871,420.075,150.490,1600,170,150,35,419.0,148.2,0.26,CONVERGED
2470,5V131D9020,13.6335,32.2636,74.1394,21.143221,396.255,141.690,2000,170,140,40,390.9,140.8,1.35,CONVERGED
2583,5V131D11280,15.9012,36.2962,70.6879,20.7181,509.615,169.170,1250,165,120,21,514.6,166.0,0.98,CONVERGED
2879,5V131D17340,13.6316,27.0305,83.6684,21.084566,495.335,153.890,1100,400,105,20,495.7,155.2,0.07,CONVERGED
3654,5V741D28780,8.474393,20.705983,74.662452,21.540735,627.200,232.375,1200,280,140,20,614.9,236.5,1.96,CONVERGED
3879,5V741D23540,13.313902,27.344724,82.406611,20.608213,669.815,255.555,750,190,95,19,665.2,256.4,0.69,CONVERGED
4045,5V741D20140,9.3732,23.0598,69.6488,21.3813,754.620,283.635,1500,140,90,20,753.8,285.5,0.11,CONVERGED
4323,5V741D14500,13.5415,50.0579,89.7946,20.183184,630.605,257.825,1000,100,240,15,633.5,258.5,0.46,CONVERGED
4461,5V741D11740,13.9887,37.0848,88.2629,20.7529,681.945,270.630,740,140,80,20,682.7,275.2,0.11,CONVERGED
4517,5V741D10620,13.4246,42.3460,87.1116,21.1717,2348.045,654.340,500,30,20,4.2,2359.4,656.5,0.48,CONVERGED
4520,5V741D10560,16.4417,48.5275,85.7997,21.056161,1618.730,414.770,700,30,11,10,1643.3,406.6,1.52,CONVERGED
4551,5V741D9940,14.5633,30.3663,86.6375,21.178191,855.550,240.075,500,450,80,8,838.9,239.7,1.95,CONVERGED
4620,5V741D8540,19.3015,36.2143,74.6692,20.6201,620.285,251.395,600,150,120,20,608.2,247.1,1.95,CONVERGED
4632,5V741D8300,13.1748,38.3693,78.5106,20.644303,727.235,282.090,600,200,100,14,724.4,281.0,0.39,CONVERGED
4634,5V741D8260,15.5272,38.4161,87.1531,20.50645,486.150,211.200,845,155,400,20,478.8,214.6,1.61,CONVERGED
4642,5V741D8100,14.257,33.766,83.498,20.50645,997.855,428.685,247,325,22,20,984.4,432.7,1.35,CONVERGED
4672,5V741D7500,12.1227,23.0905,73.3757,20.91,617.710,224.300,600,500,65,25,616.00,223.40,0.90,CONVERGED
4741,5V741D6120,14.04,30.62,66.00,21.58,1118.63,273.61,450,430,18,9.3,1104.40,275.30,0.94,CONVERGED
4766,5V741D5620,10.61,33.14,79.16,20.70,523.29,222.38,630,400,90,30,518.50,224.70,0.98,CONVERGED
4863,5V741D3680,9.61,23.45,80.14,21.95,400.92,194.71,1200,350,100,80,401.70,196.20,0.48,CONVERGED
4917,5V741D2580,12.30,25.98,73.25,21.13,483.06,182.18,1030,350,100,30,485.10,180.30,0.73,CONVERGED
5017,5V796D7100,14.05,36.89,89.63,25.53,253.90,36.31,5500,1500,72,23,255.30,35.90,0.84,CONVERGED
5043,5V796D7620,12.76,29.48,98.28,27.65,355.7,34.84,7100.0,1700.0,65.0,14.0,354.1,34.9,0.3,CONVERGED
5193,5V796D10740,8.83,22.29,51.54,26.93,435.23,70.92,7500.0,830.0,100.0,21.0,431.3,70.7,0.61,CONVERGED
5288,5V796D13180,11.85,35.41,57.31,27.1,361.72,46.62,7300.0,800.0,90.0,17.0,364.4,46.9,0.67,CONVERGED
5412,5V987D3640,10.27,31.21,87.9,26.34,619.3,277.52,1100.0,155.0,115.0,24.0,623.9,275.5,0.74,CONVERGED
5605,5V1050D4600,9.71,23.13,63.7,27.44,553.06,238.54,2000.0,120.0,140.0,39.0,548.4,239.6,0.64,CONVERGED
5677,5V1050D6120,10.59,24.09,63.02,28.1,688.76,313.16,1200.0,100.0,100.0,34.0,692.5,312.8,0.33,CONVERGED
5884,5V1050D13180,9.65,37.35,87.22,28.76,479.01,223.48,1800.0,165.0,120.0,42.0,481.9,222.6,0.5,CONVERGED
6014,5V1050D15940,10.21,28.67,82.91,24.98,488.6,205.18,2400.0,120.0,110.0,50.0,486.1,206.6,0.6,CONVERGED
6197,5V1050D20120,10.7,26.02,74.86,28.37,387.06,194.36,2000.0,150.0,140.0,100.0,387.0,194.1,0.07,CONVERGED
6426,5V1050D24940,9.82,23.72,71.34,28.8,588.06,304.17,1400.0,110.0,100.0,60.0,592.2,301.9,0.72,CONVERGED
7210,6V32D74780,12.5,26.85,71.84,21.13,494.82,202.4,1600.0,125.0,100.0,48.0,492.7,201.6,0.41,CONVERGED
7276,6V131D100,18.75,33.0,70.72,20.81,298.02,104.92,2100.0,110.0,110.0,90.0,299.6,104.9,0.27,CONVERGED
7587,6V131D6320,16.58,35.53,72.28,21.14,492.16,192.83,1200.0,90.0,80.0,55.0,491.1,193.8,0.36,CONVERGED