h1_cm,h2_cm,h3_cm,bells_temp,d0_target,sci300_target,E1_MPa,E2_MPa,E3_MPa,E4_MPa
10.21,28.67,82.91,24.98,488.6,205.18,2400.0,120.0,110.0,50.0
14.04,30.62,66.0,21.58,1118.63,273.61,450.0,430.0,18.0,9.3
14.5633,30.3663,86.6375,21.178191,855.55,240.075,500.0,450.0,80.0,8.0
15.2204,26.9897,67.1763,25.522939,504.23,176.66,1300.0,150.0,110.0,30.0
7.61,16.89,103.83,28.63,402.83,154.89,3800.0,360.0,140.0,37.0
12.3,25.98,73.25,21.13,483.06,182.18,1030.0,350.0,100.0,30.0
7.81,18.94,111.82,28.48,422.18,159.76,3500.0,322.0,135.0,32.0
13.6316,27.0305,83.6684,21.084566,495.335,153.89,1100.0,400.0,105.0,20.0
11.36,25.0,120.22,21.06,256.8,79.28,4800.0,385.0,180.0,41.0
10.61,33.14,79.16,20.7,523.29,222.38,630.0,400.0,90.0,30.0
11.792,51.584,83.594,21.36,480.265,180.145,900.0,375.0,80.0,20.0
16.4417,48.5275,85.7997,21.056161,1618.73,414.77,700.0,30.0,11.0,10.0
11.25,22.86,108.02,27.68,348.88,116.9,3000.0,300.0,140.0,35.0
16.9907,27.4084,93.5335,25.239,648.075,253.41,700.0,120.0,85.0,22.0
19.3015,36.2143,74.6692,20.6201,620.285,251.395,600.0,150.0,120.0,20.0
16.58,35.53,72.28,21.14,492.16,192.83,1200.0,90.0,80.0,55.0
8.18,17.15,104.28,28.46,375.12,138.16,4000.0,360.0,150.0,38.0
9.3732,23.0598,69.6488,21.3813,754.62,283.635,1500.0,140.0,90.0,20.0
13.4246,42.346,87.1116,21.1717,2348.045,654.34,500.0,30.0,20.0,4.2
13.48,24.84,103.92,27.1,395.9,148.39,1500.0,258.0,142.0,32.0
12.76,29.48,98.28,27.65,355.7,34.84,7100.0,1700.0,65.0,14.0
18.99,36.87,71.96,20.65,458.86,164.37,1000.0,182.0,127.0,25.0
14.8803,25.703,69.0419,20.8871,420.075,150.49,1600.0,170.0,150.0,35.0
10.96,19.44,107.15,27.77,401.745,149.58,2330.0,250.0,130.0,37.0
9.82,23.72,71.34,28.8,588.06,304.17,1400.0,110.0,100.0,60.0
8.54,18.99,112.08,26.05,365.76,115.06,4800.0,410.0,140.0,30.0
16.5,30.56,103.04,26.69,443.59,147.34,1200.0,250.0,130.0,20.0
13.8151,31.6319,97.8646,21.1904,466.625,169.45,870.0,400.0,128.0,20.0
7.78,18.25,102.55,28.54,405.48,138.46,4300.0,390.0,134.0,30.0
14.05,36.89,89.63,25.53,253.9,36.31,5500.0,1500.0,72.0,23.0
8.25,18.15,110.84,28.54,465.42,147.96,3800.0,340.0,120.0,22.0
16.16,30.36,101.38,21.31,491.54,165.7,1400.0,124.0,95.0,27.0
9.65,37.35,87.22,28.76,479.01,223.48,1800.0,165.0,120.0,42.0
15.5272,38.4161,87.1531,20.50645,486.15,211.2,845.0,155.0,400.0,20.0
15.9012,36.2962,70.6879,20.7181,509.615,169.17,1250.0,165.0,120.0,21.0
18.75,33.0,70.72,20.81,298.02,104.92,2100.0,110.0,110.0,90.0
11.06,22.9,108.03,27.68,322.37,113.11,3200.0,305.0,145.0,44.0
14.75,32.5,75.79,20.88,486.83,144.34,1350.0,290.0,95.0,21.0
12.229,23.9436,47.7422,25.8679,389.015,148.825,1000.0,575.0,150.0,45.0
15.96,35.6,75.37,20.94,460.695,171.695,970.0,250.0,130.0,25.5
8.474393,20.705983,74.662452,21.540735,627.2,232.375,1200.0,280.0,140.0,20.0
20.17,38.83,76.28,20.69,468.64,165.56,900.0,210.0,126.0,22.0
15.4972,25.4813,47.968,20.9653,537.48,198.235,950.0,180.0,180.0,25.0
12.5,26.85,71.84,21.13,494.82,202.4,1600.0,125.0,100.0,48.0
13.1748,38.3693,78.5106,20.644303,727.235,282.09,600.0,200.0,100.0,14.0
9.62,18.37,102.47,28.04,527.04,186.83,1900.0,250.0,140.0,20.0
11.8522,27.1403,116.4918,21.06,340.875,87.94,3800.0,350.0,180.0,20.0
10.7,26.02,74.86,28.37,387.06,194.36,2000.0,150.0,140.0,100.0
14.257,33.766,83.498,20.50645,997.855,428.685,247.0,325.0,22.0,20.0
9.61,23.45,80.14,21.95,400.92,194.71,1200.0,350.0,100.0,80.0
10.27,31.21,87.9,26.34,619.3,277.52,1100.0,155.0,115.0,24.0
14.56,30.09,105.12,21.41,533.27,181.86,1420.0,125.0,95.0,24.0
15.78,28.54,74.61,21.14,330.625,102.32,2200.0,250.0,130.0,42.0
8.13,13.44,100.3,29.59,446.26,178.81,1737.0,276.0,115.0,30.0
13.9887,37.0848,88.2629,20.7529,681.945,270.63,740.0,140.0,80.0,20.0
22.32,33.46,58.41,20.37,661.04,189.28,850.0,100.0,80.0,17.0
7.74,21.38,112.58,28.25,346.75,139.89,4000.0,370.0,143.0,48.0
20.75,36.36,77.41,20.69,500.84,160.595,880.0,250.0,130.0,16.5
20.64,31.69,82.65,20.46,615.065,161.48,900.0,250.0,130.0,10.0
12.1227,23.0905,73.3757,20.91,617.71,224.3,600.0,500.0,65.0,25.0
10.59,24.09,63.02,28.1,688.76,313.16,1200.0,100.0,100.0,34.0
10.83,20.89,108.02,27.73,343.83,121.69,3000.0,300.0,142.0,40.0
13.5415,50.0579,89.7946,20.183184,630.605,257.825,1000.0,100.0,240.0,15.0
